Employee_ID,Attrition_rate
EID_22713,0.17542794
EID_9658,0.19771934
EID_22203,0.18588227
EID_7652,0.22547686
EID_6516,0.15779832
EID_20283,0.17054877
EID_21014,0.16933763
EID_7693,0.16480327
EID_13232,0.14874262
EID_6515,0.23311213
EID_13639,0.1581096
EID_14669,0.15929195
EID_16537,0.14904591
EID_5782,0.20610365
EID_20157,0.17924729
EID_1855,0.15363145
EID_20748,0.18463892
EID_23179,0.16401002
EID_12838,0.19547006
EID_21656,0.1760974
EID_8844,0.15631458
EID_1536,0.16562548
EID_8822,0.18019146
EID_11398,0.1971246
EID_12965,0.1841807
EID_5204,0.19309476
EID_10030,0.22698483
EID_13227,0.18700701
EID_20607,0.13935232
EID_14070,0.19772992
EID_3755,0.14480594
EID_5459,0.21850336
EID_7697,0.1884
EID_3935,0.15481684
EID_19046,0.18167323
EID_4040,0.18065998
EID_17730,0.18407845
EID_4995,0.17986381
EID_24653,0.20349243
EID_6978,0.16126579
EID_13775,0.20508143
EID_14608,0.19509181
EID_3148,0.18490842
EID_24868,0.1862838
EID_5521,0.1674658
EID_21155,0.16935286
EID_3840,0.14298344
EID_10646,0.2158544
EID_6711,0.21583351
EID_16247,0.14892977
EID_16789,0.18953717
EID_17967,0.17946503
EID_13270,0.1913768
EID_18462,0.18806991
EID_22248,0.15091258
EID_22693,0.16896847
EID_25662,0.22551301
EID_23346,0.13983256
EID_4437,0.19087493
EID_18108,0.17311177
EID_7000,0.13472244
EID_22770,0.20229256
EID_7816,0.20059663
EID_19615,0.18337509
EID_23807,0.20320788
EID_16764,0.21504116
EID_16818,0.18073693
EID_22712,0.16534907
EID_18198,0.21078166
EID_11154,0.22125745
EID_22137,0.191717
EID_11655,0.20344633
EID_18514,0.21561268
EID_24742,0.16915283
EID_16019,0.13259453
EID_7357,0.1776259
EID_20106,0.20259592
EID_13284,0.2047252
EID_5451,0.13696498
EID_19728,0.19900289
EID_9178,0.19490594
EID_13177,0.16378075
EID_14300,0.22035906
EID_4379,0.1771703
EID_11285,0.18084833
EID_14882,0.20484895
EID_9969,0.16471338
EID_23643,0.18088567
EID_5935,0.15873787
EID_7741,0.17547208
EID_6176,0.19055131
EID_5418,0.18071437
EID_20626,0.18673807
EID_1725,0.20669901
EID_14317,0.1817163
EID_12120,0.14369309
EID_20264,0.18872812
EID_16691,0.22101536
EID_1093,0.13751975
EID_2565,0.13385329
EID_11463,0.1580464
EID_12005,0.1789476
EID_10326,0.1983645
EID_12582,0.19027522
EID_18228,0.20112586
EID_11670,0.19296664
EID_24257,0.15938339
EID_7024,0.17128927
EID_10382,0.1546705
EID_20210,0.14954442
EID_10294,0.20812109
EID_19941,0.17230657
EID_25572,0.1809879
EID_7758,0.16923153
EID_22718,0.20209384
EID_1078,0.18138787
EID_8227,0.22227105
EID_1702,0.16370174
EID_3532,0.19053471
EID_22452,0.1845302
EID_3019,0.18205479
EID_22264,0.21772784
EID_9866,0.14293477
EID_3520,0.14309305
EID_21098,0.1778138
EID_1186,0.21131757
EID_12355,0.12147939
EID_11020,0.17344645
EID_19193,0.1284425
EID_17787,0.15990764
EID_13719,0.20743331
EID_24449,0.19950873
EID_12957,0.18244183
EID_24794,0.15812019
EID_2866,0.19928801
EID_10563,0.1455783
EID_22492,0.19258451
EID_4106,0.1678133
EID_6648,0.19425368
EID_7209,0.19853958
EID_9692,0.15827098
EID_22763,0.19547406
EID_12622,0.17656428
EID_9831,0.16978896
EID_5731,0.1487503
EID_1114,0.15846536
EID_25017,0.16336784
EID_22956,0.19009197
EID_5549,0.13741025
EID_12022,0.15731987
EID_8034,0.18284515
EID_20644,0.18383345
EID_20125,0.1583943
EID_21957,0.16607037
EID_8870,0.1817835
EID_2305,0.17885453
EID_3977,0.1251401
EID_14845,0.15416148
EID_6629,0.17947629
EID_14577,0.1695447
EID_24509,0.16409928
EID_1530,0.19767797
EID_21524,0.24867466
EID_6647,0.12440556
EID_19730,0.16232833
EID_4424,0.17082655
EID_7964,0.18529645
EID_6289,0.16796511
EID_2899,0.17755443
EID_2827,0.19552147
EID_8801,0.19792032
EID_20454,0.16626558
EID_18988,0.21002132
EID_8405,0.18994895
EID_14497,0.1615873
EID_11769,0.21155536
EID_21353,0.17747259
EID_2221,0.15527943
EID_13218,0.18601656
EID_4576,0.15897682
EID_17470,0.17891484
EID_14817,0.15726757
EID_21845,0.17740005
EID_21987,0.12628415
EID_1168,0.18234259
EID_14315,0.21146458
EID_5043,0.18894264
EID_1967,0.16553557
EID_22274,0.15447408
EID_11091,0.15501407
EID_18421,0.16980088
EID_8316,0.18426064
EID_13308,0.20683587
EID_19481,0.15689805
EID_17732,0.18474463
EID_4504,0.17010653
EID_2539,0.19740012
EID_19529,0.16447207
EID_2279,0.19139236
EID_14508,0.17711198
EID_12241,0.16732502
EID_11530,0.14228764
EID_20147,0.13093165
EID_6154,0.17393494
EID_3523,0.16425854
EID_20453,0.2235724
EID_11929,0.14155209
EID_12840,0.18926698
EID_22320,0.16233388
EID_25383,0.17064106
EID_10731,0.21216762
EID_1017,0.15880516
EID_1819,0.18985024
EID_22849,0.1816755
EID_12290,0.16932663
EID_24238,0.23673263
EID_3105,0.14419356
EID_14242,0.16155589
EID_16569,0.1706644
EID_8094,0.17844927
EID_7824,0.20949456
EID_8978,0.18579072
EID_25314,0.18284541
EID_17810,0.20042711
EID_14856,0.16873208
EID_22144,0.19232902
EID_23603,0.14744967
EID_7211,0.19104901
EID_19340,0.21716872
EID_1501,0.13904312
EID_22111,0.19131416
EID_16147,0.15661716
EID_16746,0.14007127
EID_20777,0.15114489
EID_12999,0.21808925
EID_21663,0.19018498
EID_11862,0.14076203
EID_17683,0.20866084
EID_19819,0.14145994
EID_21562,0.22939008
EID_24390,0.14482883
EID_14444,0.16005856
EID_3261,0.16806307
EID_7752,0.17125928
EID_3033,0.22486821
EID_22433,0.16556379
EID_23727,0.17124024
EID_24107,0.18473911
EID_22537,0.15023711
EID_13645,0.19727379
EID_16021,0.16417193
EID_19800,0.21096492
EID_1944,0.18028781
EID_15868,0.19315752
EID_22188,0.17243466
EID_13833,0.19622299
EID_15028,0.1312077
EID_24861,0.17066434
EID_13033,0.18755043
EID_23673,0.13069525
EID_13265,0.16672605
EID_23411,0.18003777
EID_3761,0.17308328
EID_7299,0.17818457
EID_2379,0.1451495
EID_18863,0.17656463
EID_12115,0.14129543
EID_23879,0.17507383
EID_16586,0.18838474
EID_19003,0.15971851
EID_11107,0.1323311
EID_15416,0.18477273
EID_19214,0.17844635
EID_5135,0.19833219
EID_22464,0.19629517
EID_22759,0.23018175
EID_17833,0.18106699
EID_17627,0.1872577
EID_25730,0.15308982
EID_2377,0.15800774
EID_18085,0.20260036
EID_14096,0.20374551
EID_8384,0.16744334
EID_17105,0.16529652
EID_9929,0.14929914
EID_13267,0.168928
EID_12954,0.16627577
EID_4464,0.18381009
EID_11464,0.17861006
EID_19308,0.18810698
EID_17530,0.18609214
EID_6981,0.15776229
EID_19951,0.17636305
EID_1100,0.17784846
EID_25145,0.1815438
EID_15614,0.17127082
EID_2961,0.22331786
EID_1742,0.14561695
EID_2843,0.19355741
EID_9549,0.19097066
EID_12832,0.20342088
EID_17914,0.19873458
EID_22832,0.18112513
EID_5755,0.14919311
EID_1141,0.15315574
EID_18954,0.18225288
EID_10824,0.18196312
EID_24478,0.17423654
EID_14916,0.13906154
EID_4434,0.11964172
EID_23650,0.21115676
EID_16556,0.18490449
EID_24656,0.21093678
EID_25965,0.14567566
EID_9279,0.14154014
EID_13802,0.14125353
EID_2748,0.16470778
EID_17346,0.18032014
EID_1171,0.1564152
EID_1552,0.168042
EID_20674,0.1705204
EID_2475,0.19830823
EID_16714,0.15105098
EID_7857,0.14525107
EID_3294,0.12979633
EID_2280,0.17336667
EID_10203,0.16040453
EID_22162,0.16743854
EID_10438,0.18800336
EID_12898,0.1759758
EID_4358,0.16471604
EID_6179,0.18395212
EID_2538,0.17820814
EID_13110,0.20515794
EID_24585,0.15943435
EID_1006,0.18567967
EID_11632,0.16770726
EID_21011,0.16780594
EID_16869,0.15139917
EID_20564,0.17293975
EID_12996,0.20268571
EID_1503,0.20513386
EID_23053,0.18319586
EID_22049,0.2158047
EID_4346,0.18585044
EID_1887,0.20370454
EID_16849,0.23046225
EID_10071,0.1603873
EID_11265,0.2057037
EID_12611,0.15710136
EID_25542,0.17464644
EID_11582,0.18012235
EID_19550,0.17376694
EID_5351,0.13719219
EID_3305,0.17901656
EID_18846,0.16360447
EID_24764,0.16925284
EID_2191,0.1702553
EID_6314,0.16598114
EID_23248,0.18059787
EID_4570,0.14371094
EID_16415,0.17187753
EID_11002,0.18059471
EID_20498,0.2133241
EID_7846,0.13434997
EID_24121,0.15867287
EID_7536,0.13770315
EID_2015,0.23854035
EID_7934,0.20459607
EID_20903,0.16447434
EID_17535,0.1808424
EID_19760,0.18573448
EID_9550,0.1439653
EID_4261,0.16008767
EID_19753,0.17675713
EID_13542,0.17178455
EID_24283,0.16171771
EID_7552,0.2184541
EID_11577,0.17837775
EID_3228,0.17898682
EID_17468,0.1717219
EID_15815,0.15137601
EID_2093,0.18455258
EID_21356,0.14832929
EID_12357,0.17447385
EID_18495,0.17374486
EID_5098,0.14315173
EID_12691,0.15880916
EID_13240,0.22023699
EID_19312,0.17526484
EID_23914,0.16603798
EID_23175,0.2123416
EID_15413,0.15303665
EID_4785,0.16591677
EID_25933,0.17502132
EID_22705,0.20937076
EID_19350,0.11281097
EID_5369,0.17576605
EID_20410,0.14616215
EID_12557,0.19271356
EID_17678,0.19312453
EID_1342,0.18136707
EID_12230,0.24862272
EID_1311,0.17935938
EID_5860,0.17331237
EID_4259,0.18918997
EID_10209,0.18469742
EID_2300,0.20265743
EID_17408,0.1937196
EID_1883,0.15835828
EID_1053,0.21306473
EID_23610,0.180639
EID_17585,0.18396688
EID_20845,0.16939664
EID_15683,0.15552762
EID_11976,0.25154722
EID_12031,0.17485848
EID_1711,0.18507004
EID_6239,0.18811569
EID_25541,0.18390691
EID_9308,0.16059354
EID_18168,0.2263796
EID_11934,0.17850718
EID_23472,0.18386835
EID_13731,0.17225191
EID_16069,0.17878377
EID_18276,0.15823486
EID_6141,0.19539067
EID_12061,0.17184746
EID_9450,0.16123876
EID_21730,0.1706022
EID_19506,0.20536005
EID_13552,0.16106448
EID_9945,0.17410198
EID_1924,0.1893487
EID_18453,0.16397664
EID_20225,0.25586766
EID_18673,0.19116816
EID_11420,0.17886338
EID_16631,0.19479468
EID_21237,0.11814904
EID_5015,0.14649212
EID_20179,0.18816128
EID_12073,0.18028504
EID_21147,0.17012027
EID_6714,0.18624532
EID_10645,0.13834545
EID_18298,0.20367128
EID_2640,0.14006504
EID_2318,0.1855995
EID_25226,0.18472642
EID_24099,0.186546
EID_20938,0.22809762
EID_8377,0.20721096
EID_7023,0.19662887
EID_11385,0.1872451
EID_15016,0.1820625
EID_25794,0.1965628
EID_11494,0.20602474
EID_2425,0.17765388
EID_9847,0.13813874
EID_3570,0.1603257
EID_13573,0.17123786
EID_13780,0.17545432
EID_2949,0.16324446
EID_19834,0.16462055
EID_11384,0.20939305
EID_23154,0.18634617
EID_9337,0.19939494
EID_3653,0.17778835
EID_4850,0.18612683
EID_16283,0.19201031
EID_5107,0.1587865
EID_25156,0.19206098
EID_17223,0.1622082
EID_14695,0.12803543
EID_11374,0.14200893
EID_13672,0.16967827
EID_6782,0.205632
EID_25074,0.20280254
EID_21087,0.1877867
EID_13017,0.20955956
EID_9947,0.16161796
EID_21221,0.17060933
EID_21639,0.1695236
EID_20333,0.1487833
EID_2970,0.15005037
EID_7624,0.19018257
EID_15741,0.16807607
EID_1312,0.16244403
EID_19575,0.15269196
EID_21047,0.15517089
EID_11969,0.15123802
EID_19145,0.1774376
EID_9871,0.19147459
EID_18852,0.21138248
EID_22326,0.16846907
EID_7259,0.15830538
EID_21920,0.17418152
EID_1436,0.18199718
EID_8261,0.18977869
EID_23228,0.17748997
EID_5560,0.15728366
EID_22357,0.20898846
EID_4816,0.2002089
EID_10000,0.18297476
EID_21908,0.17764202
EID_14887,0.12601557
EID_12497,0.17175522
EID_17976,0.17667401
EID_17356,0.18909642
EID_9785,0.14175689
EID_16224,0.17696631
EID_6020,0.16744673
EID_20716,0.17707583
EID_11351,0.17574039
EID_20899,0.1676732
EID_9718,0.18539941
EID_9479,0.14835948
EID_25048,0.15879864
EID_23370,0.19044966
EID_13877,0.16970646
EID_12256,0.1928491
EID_1903,0.12427896
EID_8830,0.19476482
EID_22060,0.17982519
EID_11996,0.17038405
EID_21061,0.18012506
EID_22604,0.16781527
EID_18463,0.17270195
EID_11375,0.18895441
EID_2685,0.18509719
EID_16010,0.22619602
EID_19288,0.19121462
EID_9283,0.20318401
EID_11122,0.16677934
EID_6638,0.22674108
EID_25516,0.19230086
EID_3864,0.18708414
EID_9746,0.16557375
EID_8407,0.17561159
EID_25463,0.17660809
EID_23098,0.17927375
EID_22512,0.18334702
EID_14671,0.13675931
EID_18482,0.1973835
EID_8151,0.18478376
EID_16624,0.20968363
EID_1983,0.20696834
EID_18445,0.15116483
EID_11891,0.1603902
EID_2010,0.1825966
EID_4592,0.14919537
EID_17412,0.1836439
EID_24883,0.17303628
EID_15661,0.16741231
EID_11757,0.2097911
EID_2627,0.17548758
EID_13243,0.18229753
EID_10917,0.16839355
EID_4360,0.17590746
EID_13536,0.19979817
EID_10695,0.1363056
EID_5746,0.14635158
EID_1178,0.17515188
EID_15290,0.13659951
EID_3540,0.17172387
EID_14684,0.17978314
EID_7914,0.22386563
EID_23733,0.1945312
EID_5907,0.19421855
EID_5142,0.15207997
EID_7686,0.18402115
EID_12078,0.18480134
EID_4880,0.17725152
EID_1527,0.18644696
EID_15919,0.15816343
EID_1260,0.20711884
EID_22377,0.15460214
EID_7876,0.18322667
EID_1213,0.1332379
EID_4161,0.14302316
EID_3214,0.14953753
EID_17651,0.1782732
EID_8005,0.1307813
EID_12852,0.19368461
EID_21465,0.21435645
EID_7371,0.19272539
EID_25687,0.17655677
EID_17222,0.13370699
EID_1994,0.10537878
EID_22384,0.20643008
EID_6344,0.17113152
EID_18801,0.18520975
EID_13688,0.21605468
EID_13779,0.21645159
EID_24969,0.21815675
EID_15311,0.21461701
EID_9095,0.17730883
EID_11675,0.20033053
EID_14870,0.22041205
EID_1575,0.1731287
EID_7440,0.17657489
EID_24259,0.18684143
EID_19501,0.20821914
EID_23743,0.14496031
EID_13287,0.19293073
EID_2226,0.17039824
EID_22439,0.16978168
EID_16078,0.21000051
EID_18895,0.18447205
EID_19860,0.13308945
EID_24564,0.16846249
EID_21747,0.18981606
EID_4659,0.19354072
EID_24149,0.21500054
EID_13300,0.15313682
EID_16950,0.17776945
EID_23778,0.14797205
EID_14691,0.16584983
EID_10789,0.16108966
EID_5525,0.15142491
EID_19424,0.17535993
EID_6171,0.16101274
EID_19569,0.18065047
EID_4602,0.14853808
EID_17919,0.20348623
EID_4286,0.15234768
EID_1973,0.19568127
EID_25715,0.19066837
EID_23385,0.22865856
EID_13681,0.20240667
EID_25410,0.1828309
EID_18267,0.18270418
EID_15252,0.14330754
EID_23214,0.19920924
EID_18551,0.23867115
EID_2401,0.17776689
EID_7609,0.17380291
EID_21291,0.17644462
EID_10126,0.17400402
EID_19714,0.18070292
EID_4911,0.14050147
EID_12505,0.20236266
EID_10377,0.14822742
EID_3407,0.2029976
EID_3386,0.16575438
EID_7623,0.18691829
EID_19517,0.16780105
EID_21782,0.17326361
EID_12361,0.16842848
EID_21171,0.17899317
EID_17836,0.20033634
EID_20286,0.17133531
EID_25798,0.14789188
EID_15699,0.16550085
EID_17006,0.1792224
EID_22476,0.1714026
EID_9406,0.15227535
EID_13559,0.16794437
EID_1340,0.15796095
EID_17848,0.19477797
EID_20358,0.14099541
EID_14265,0.19518799
EID_9820,0.19344464
EID_13755,0.14696816
EID_13293,0.15792283
EID_25837,0.17980617
EID_20466,0.18746299
EID_11032,0.21590611
EID_2399,0.20092309
EID_23917,0.22881767
EID_17011,0.15525544
EID_8967,0.14860097
EID_24468,0.16664985
EID_8435,0.21341518
EID_17953,0.19477466
EID_7140,0.19703507
EID_24404,0.18122426
EID_14380,0.22033575
EID_1232,0.14698607
EID_1573,0.18074578
EID_3684,0.18350703
EID_15824,0.16091266
EID_9212,0.18245757
EID_21121,0.16970319
EID_6346,0.15761733
EID_9525,0.1795609
EID_9726,0.1821582
EID_2526,0.15522203
EID_4228,0.16599807
EID_14595,0.20945272
EID_15856,0.29870844
EID_6768,0.1981827
EID_23953,0.21646553
EID_19059,0.17749009
EID_5268,0.18375948
EID_7619,0.14914447
EID_23028,0.18806356
EID_22104,0.20639789
EID_10318,0.18914512
EID_25369,0.18461719
EID_16633,0.18242562
EID_15848,0.20081398
EID_2240,0.25542605
EID_1059,0.18192858
EID_9315,0.13284352
EID_15388,0.17919394
EID_9984,0.17405188
EID_4296,0.13098568
EID_10927,0.14752525
EID_25054,0.2080557
EID_1884,0.21163166
EID_21960,0.17193967
EID_5572,0.17206925
EID_16872,0.15168989
EID_24525,0.20468763
EID_14237,0.14909914
EID_7114,0.21018746
EID_7448,0.13700515
EID_17668,0.21288463
EID_7674,0.19618598
EID_5884,0.20254248
EID_13942,0.15645081
EID_13098,0.18028736
EID_7695,0.18159473
EID_5350,0.20270288
EID_22853,0.121343315
EID_2385,0.2254124
EID_18006,0.22557738
EID_12875,0.17719623
EID_5478,0.2046619
EID_18690,0.14077425
EID_12545,0.21229821
EID_13888,0.16490912
EID_9732,0.20504916
EID_18001,0.1652967
EID_17479,0.1924581
EID_23757,0.18378472
EID_1303,0.21110737
EID_5375,0.14250195
EID_5869,0.14893192
EID_8825,0.1991171
EID_22567,0.17898723
EID_16273,0.16109297
EID_20618,0.18084493
EID_3608,0.17869228
EID_8806,0.21881336
EID_23170,0.16840214
EID_12243,0.18476084
EID_20089,0.16062567
EID_16852,0.15565422
EID_18312,0.19727546
EID_14010,0.1853753
EID_14705,0.1984106
EID_20956,0.18673256
EID_18794,0.18648171
EID_1629,0.17667747
EID_25483,0.2413787
EID_4542,0.23309901
EID_10076,0.19851875
EID_9469,0.1707176
EID_25284,0.21915129
EID_11972,0.19679385
EID_1798,0.15139562
EID_21903,0.16883144
EID_20031,0.23223081
EID_20365,0.14647114
EID_9210,0.18052834
EID_19750,0.22456408
EID_4006,0.12187645
EID_24922,0.16897473
EID_4760,0.17062569
EID_11035,0.15966275
EID_21008,0.19525471
EID_23731,0.1710886
EID_21788,0.18812847
EID_5428,0.18846297
EID_14023,0.18549258
EID_2937,0.17331642
EID_16931,0.1568388
EID_18299,0.2061278
EID_6660,0.17833829
EID_23187,0.16745588
EID_14868,0.19490156
EID_23247,0.18757361
EID_15971,0.18076321
EID_7852,0.21581206
EID_7017,0.17551228
EID_7494,0.15725312
EID_18706,0.16027024
EID_22784,0.17118922
EID_10756,0.1579935
EID_6854,0.15862742
EID_12554,0.18925568
EID_1162,0.14433378
EID_19581,0.15410772
EID_2169,0.21383369
EID_25149,0.19505271
EID_22575,0.16047052
EID_2265,0.16573778
EID_19668,0.14272773
EID_19245,0.18397346
EID_8194,0.14532745
EID_8081,0.16865808
EID_8670,0.19122604
EID_7992,0.17883176
EID_6596,0.23133126
EID_3699,0.21786746
EID_9698,0.17492479
EID_1847,0.16547796
EID_16179,0.16628373
EID_23663,0.1556507
EID_24287,0.19933286
EID_3527,0.16052547
EID_18652,0.21046671
EID_24110,0.1526367
EID_21419,0.16879529
EID_12865,0.19202894
EID_9237,0.18287945
EID_20408,0.20244059
EID_22934,0.18506062
EID_6492,0.1558725
EID_20285,0.1816253
EID_1286,0.14332831
EID_12542,0.17666218
EID_5523,0.21418989
EID_1979,0.20287982
EID_23146,0.16168395
EID_4773,0.1557453
EID_8785,0.21290535
EID_4463,0.16334501
EID_24028,0.118674904
EID_20920,0.15108398
EID_21392,0.20138812
EID_4079,0.13494974
EID_5173,0.15439814
EID_22915,0.2037968
EID_18347,0.1471627
EID_7984,0.17714795
EID_25148,0.19074073
EID_4350,0.19512954
EID_6909,0.13345927
EID_10582,0.13056895
EID_6248,0.20703754
EID_10035,0.18833989
EID_24603,0.21703294
EID_1794,0.15907559
EID_9407,0.196655
EID_2114,0.1688787
EID_21125,0.1570065
EID_15046,0.14888698
EID_8058,0.14390928
EID_1961,0.15886384
EID_23324,0.18681261
EID_21521,0.2764472
EID_11043,0.21433303
EID_6461,0.16369995
EID_10398,0.17688867
EID_20635,0.16996366
EID_22940,0.16038942
EID_8582,0.18631381
EID_12770,0.21925405
EID_15982,0.20506838
EID_19692,0.12768987
EID_18304,0.15840477
EID_13603,0.19650316
EID_6145,0.15085238
EID_16587,0.16021079
EID_16835,0.20548257
EID_8399,0.19564709
EID_7012,0.17152455
EID_20575,0.18004784
EID_20747,0.15572134
EID_3907,0.21161073
EID_22626,0.20376337
EID_4442,0.17098796
EID_18034,0.20660165
EID_16055,0.20214191
EID_21684,0.19415042
EID_17499,0.18834311
EID_1222,0.14858419
EID_17204,0.18998092
EID_22732,0.17203024
EID_8539,0.13006094
EID_23136,0.17475185
EID_24470,0.1671736
EID_17404,0.17752525
EID_21498,0.20286408
EID_19495,0.17587703
EID_23966,0.2000033
EID_1388,0.16176757
EID_7374,0.18523005
EID_25441,0.21592152
EID_16616,0.14106995
EID_7654,0.17329547
EID_4217,0.134886
EID_9968,0.17213279
EID_17830,0.20668447
EID_12023,0.20950022
EID_24002,0.19356802
EID_11371,0.17981741
EID_11096,0.1503225
EID_24835,0.17164177
EID_17439,0.17908314
EID_6587,0.20280278
EID_21946,0.16088375
EID_5431,0.20437235
EID_4723,0.17518929
EID_11535,0.1813795
EID_2330,0.16164243
EID_23531,0.20724046
EID_8913,0.11759964
EID_21273,0.16804153
EID_11927,0.22069028
EID_1385,0.15824962
EID_15758,0.17491639
EID_1023,0.18987507
EID_8959,0.19144276
EID_12911,0.17342848
EID_15925,0.17244294
EID_17769,0.20330516
EID_19842,0.16541949
EID_15875,0.15707242
EID_21284,0.17854378
EID_24825,0.1705536
EID_23825,0.17000368
EID_13001,0.21859941
EID_25601,0.16399243
EID_24670,0.17506942
EID_24412,0.2302283
EID_18712,0.1363357
EID_21138,0.17495322
EID_19335,0.1492855
EID_16753,0.20967254
EID_24399,0.17729992
EID_12567,0.15270251
EID_22161,0.12951598
EID_12609,0.1540387
EID_22249,0.16946742
EID_5314,0.16213664
EID_1897,0.24226245
EID_22507,0.19407031
EID_2878,0.17333347
EID_10098,0.16464233
EID_18435,0.14470595
EID_8063,0.14883769
EID_3512,0.17686781
EID_24444,0.18049082
EID_9813,0.18465349
EID_25132,0.20133638
EID_5613,0.14999798
EID_14062,0.21452644
EID_20073,0.19571155
EID_12506,0.19045219
EID_1092,0.17138743
EID_15895,0.13751578
EID_1039,0.18343231
EID_22016,0.15594533
EID_6764,0.16662914
EID_17384,0.18318096
EID_8705,0.17125559
EID_14832,0.2161124
EID_16473,0.14886758
EID_11186,0.18464473
EID_7476,0.16129985
EID_19671,0.1795288
EID_14001,0.18237275
EID_10658,0.17774639
EID_6668,0.18897146
EID_13786,0.13662034
EID_11224,0.15637079
EID_13296,0.19818097
EID_22145,0.17970765
EID_6494,0.13466305
EID_1649,0.13300458
EID_20878,0.24785781
EID_3790,0.18003994
EID_9257,0.17076093
EID_14917,0.18870139
EID_22052,0.20213115
EID_1198,0.15522581
EID_8478,0.13745639
EID_2071,0.19637743
EID_1250,0.16105181
EID_9000,0.13966143
EID_17319,0.16317073
EID_21794,0.211896
EID_23350,0.18808225
EID_16278,0.14821848
EID_3330,0.14102599
EID_12584,0.20569962
EID_9354,0.19665712
EID_15007,0.20400414
EID_11656,0.16105214
EID_22526,0.21026862
EID_11027,0.20891806
EID_21588,0.18535075
EID_13717,0.21646431
EID_8073,0.15931553
EID_15972,0.17088929
EID_5730,0.13387713
EID_23968,0.15850526
EID_4299,0.20520115
EID_6302,0.16154978
EID_6974,0.14438799
EID_4829,0.15989116
EID_21139,0.1964607
EID_23456,0.19529566
EID_20110,0.18354782
EID_20342,0.16383961
EID_15238,0.15287918
EID_10349,0.22146192
EID_10077,0.15811348
EID_22330,0.18910125
EID_4368,0.19484648
EID_8859,0.12937301
EID_24277,0.17719257
EID_1061,0.17191738
EID_5597,0.16373938
EID_4820,0.20758748
EID_5863,0.18561426
EID_23680,0.17924362
EID_5542,0.16318923
EID_6203,0.149604
EID_5355,0.16038749
EID_19669,0.21217915
EID_21725,0.21501681
EID_2138,0.21276113
EID_24278,0.17565194
EID_6591,0.17522082
EID_21056,0.1463981
EID_18759,0.23279384
EID_12059,0.21580067
EID_11077,0.19817623
EID_17216,0.2481885
EID_15655,0.21061587
EID_19017,0.14902967
EID_17846,0.1734778
EID_6418,0.17099035
EID_25942,0.21735096
EID_5420,0.16747966
EID_11764,0.14715946
EID_16483,0.14875838
EID_1901,0.16295001
EID_21480,0.17220911
EID_8006,0.19446602
EID_1282,0.15876374
EID_6895,0.16895759
EID_13677,0.19999245
EID_6071,0.16947359
EID_14425,0.1975005
EID_22685,0.18590951
EID_20203,0.18032315
EID_19161,0.19137204
EID_1947,0.18861848
EID_16574,0.15595815
EID_2561,0.18889138
EID_20668,0.22183403
EID_7831,0.2238197
EID_8769,0.19057676
EID_25191,0.16475865
EID_15590,0.20915139
EID_12458,0.17047068
EID_11406,0.1731782
EID_17629,0.18051368
EID_4632,0.17140052
EID_18455,0.15121463
EID_23077,0.20976916
EID_25024,0.20482287
EID_6269,0.16054124
EID_12100,0.18536994
EID_23190,0.19633737
EID_9030,0.17361751
EID_12359,0.19810149
EID_12041,0.17798719
EID_2019,0.18930224
EID_22974,0.19944736
EID_10351,0.13593706
EID_23630,0.17402449
EID_7309,0.18809903
EID_19821,0.20670536
EID_4033,0.16859779
EID_3435,0.18274689
EID_5759,0.18809932
EID_12826,0.1512506
EID_8148,0.15611285
EID_16088,0.18146247
EID_15783,0.16420421
EID_19521,0.15433422
EID_13016,0.15887341
EID_13708,0.20503145
EID_4237,0.17427826
EID_3620,0.19702321
EID_10042,0.15196827
EID_8833,0.13162068
EID_21028,0.16281617
EID_3485,0.199285
EID_23372,0.22687587
EID_19410,0.13289928
EID_6598,0.1680041
EID_25371,0.16095105
EID_19483,0.1356372
EID_22826,0.17504731
EID_23606,0.2042839
EID_9346,0.1686072
EID_1608,0.18159428
EID_1603,0.18567011
EID_23041,0.18885267
EID_7801,0.17278707
EID_22456,0.15896785
EID_24428,0.19953576
EID_10811,0.20420867
EID_24566,0.19883156
EID_2531,0.1517734
EID_10878,0.1786688
EID_19548,0.2019085
EID_11988,0.16053703
EID_11378,0.19669753
EID_9896,0.21907893
EID_17323,0.17234102
EID_24976,0.18147767
EID_11249,0.18988538
EID_20395,0.18892664
EID_18262,0.1800496
EID_14670,0.19004357
EID_12880,0.18123344
EID_1406,0.15657392
EID_23014,0.22019857
EID_5224,0.16405982
EID_3232,0.19273269
EID_22327,0.1615035
EID_2285,0.20480403
EID_20468,0.20361766
EID_4443,0.15371579
EID_15641,0.12789884
EID_8106,0.15145603
EID_13958,0.18442553
EID_10214,0.23579225
EID_17739,0.13090113
EID_13347,0.17672831
EID_23453,0.18923238
EID_1477,0.17937276
EID_20224,0.15314832
EID_2362,0.16952631
EID_21421,0.15802658
EID_7860,0.19615051
EID_10286,0.15827847
EID_7184,0.19344103
EID_21742,0.20404035
EID_21610,0.19855991
EID_19375,0.20878264
EID_18564,0.22642371
EID_19108,0.2087104
EID_17928,0.17088419
EID_25613,0.17183942
EID_23787,0.1709134
EID_2392,0.22045273
EID_7574,0.18853068
EID_9810,0.20780358
EID_14332,0.15647769
EID_20937,0.1969113
EID_7827,0.19318649
EID_7457,0.18664202
EID_11152,0.1636514
EID_12917,0.18966126
EID_18590,0.22166944
EID_15327,0.16380972
EID_11687,0.16457242
EID_5179,0.12464967
EID_5623,0.17101294
EID_25331,0.1807163
EID_24386,0.13625291
EID_6507,0.15463564
EID_7842,0.196448
EID_12018,0.16810715
EID_6640,0.1970565
EID_9872,0.16109428
EID_2331,0.21684524
EID_19685,0.16042787
EID_25701,0.22891188
EID_25681,0.15197942
EID_20151,0.18359715
EID_8980,0.16127115
EID_12719,0.20374942
EID_20075,0.19158593
EID_14984,0.123658955
EID_8177,0.17339307
EID_1360,0.2245174
EID_24812,0.21316239
EID_8480,0.19070554
EID_14567,0.17353627
EID_16194,0.20428836
EID_10020,0.17117521
EID_7321,0.16723618
EID_15387,0.16042235
EID_19419,0.14339933
EID_20496,0.19137242
EID_1308,0.1537807
EID_14770,0.18580556
EID_21893,0.17138484
EID_10990,0.18661943
EID_17521,0.18471783
EID_15274,0.2013121
EID_24001,0.18718833
EID_4111,0.22400987
EID_4284,0.13154086
EID_19682,0.18265694
EID_14871,0.17228565
EID_18152,0.21925429
EID_12520,0.22626776
EID_4739,0.18312979
EID_8424,0.15756229
EID_23600,0.19403684
EID_25891,0.18808177
EID_11618,0.20159504
EID_12674,0.20529306
EID_5999,0.1665354
EID_18063,0.15524885
EID_14859,0.17386663
EID_20353,0.19232553
EID_22962,0.1417543
EID_19650,0.12227726
EID_6108,0.19987047
EID_19012,0.20175716
EID_22925,0.17733178
EID_15619,0.19864663
EID_19998,0.14923328
EID_20052,0.19725236
EID_25044,0.13575566
EID_5422,0.187197
EID_15354,0.18045205
EID_3804,0.19403511
EID_23277,0.168782
EID_12336,0.17310297
EID_24839,0.154708
EID_1651,0.20468798
EID_24355,0.18449953
EID_24276,0.18994269
EID_10346,0.17194885
EID_9579,0.19694513
EID_23242,0.20924556
EID_23541,0.1809991
EID_14741,0.13887891
EID_7783,0.19869792
EID_12569,0.18284765
EID_3834,0.17427799
EID_6799,0.20733377
EID_15609,0.1986753
EID_5496,0.1845383
EID_5080,0.14061809
EID_14834,0.17270786
EID_18266,0.17715138
EID_1182,0.17362341
EID_6445,0.2180644
EID_18656,0.1675671
EID_24011,0.17689654
EID_25093,0.17250636
EID_11334,0.23172045
EID_15785,0.15258297
EID_8060,0.14712605
EID_4349,0.17215529
EID_22525,0.16360891
EID_1231,0.22212583
EID_2127,0.15110606
EID_4047,0.12782022
EID_12989,0.1655919
EID_17726,0.20596462
EID_1602,0.20779455
EID_5945,0.14999089
EID_15166,0.18590328
EID_25317,0.1227541
EID_18848,0.18089789
EID_14455,0.18298587
EID_9724,0.18214872
EID_22697,0.21364447
EID_16505,0.14986551
EID_11616,0.16720161
EID_10352,0.19427371
EID_24093,0.16804948
EID_11826,0.20869768
EID_24211,0.18616986
EID_14709,0.17218515
EID_18747,0.20608851
EID_16077,0.18947518
EID_15440,0.2037431
EID_4935,0.17517594
EID_13791,0.19612116
EID_16876,0.15276358
EID_1335,0.11090502
EID_19086,0.16353112
EID_12872,0.17418048
EID_11623,0.16600573
EID_7807,0.20295146
EID_9605,0.19774672
EID_12736,0.19238698
EID_20565,0.17599112
EID_17225,0.16572309
EID_19974,0.14174634
EID_16045,0.19832522
EID_2082,0.187062
EID_22219,0.16090122
EID_19439,0.1889078
EID_2979,0.15116486
EID_24414,0.20925555
EID_15148,0.15409654
EID_10690,0.14069408
EID_16346,0.19971427
EID_22752,0.20851508
EID_21746,0.17371637
EID_1705,0.18724635
EID_7498,0.17682105
EID_6874,0.16550225
EID_4543,0.22250947
EID_8931,0.19764334
EID_16435,0.14724842
EID_16767,0.19238299
EID_3058,0.1799871
EID_16381,0.1486136
EID_17190,0.20201847
EID_7079,0.14274919
EID_10191,0.14245674
EID_1378,0.17066696
EID_20222,0.17033064
EID_6156,0.1726768
EID_5975,0.1512039
EID_18682,0.13632846
EID_8837,0.17184025
EID_24686,0.17747226
EID_9869,0.20975885
EID_14673,0.1935561
EID_14443,0.16363078
EID_21591,0.15598336
EID_25240,0.19998658
EID_18365,0.19065562
EID_9260,0.20756507
EID_10696,0.18558148
EID_18012,0.17771524
EID_17421,0.1805045
EID_23615,0.19226715
EID_14132,0.19073367
EID_13168,0.14932996
EID_16973,0.1804876
EID_13426,0.116099805
EID_1493,0.16436401
EID_3994,0.16359976
EID_10574,0.19337851
EID_12394,0.20847917
EID_4781,0.1745849
EID_24911,0.18029356
EID_3205,0.17751026
EID_25568,0.19305629
EID_4343,0.1557911
EID_4330,0.16164845
EID_12518,0.17778742
EID_18426,0.13724527
EID_3862,0.18289822
EID_13478,0.20389187
EID_5607,0.17717734
EID_22353,0.15349817
EID_18346,0.17598888
EID_5978,0.16615891
EID_3391,0.21109855
EID_8525,0.1696814
EID_5245,0.15765175
EID_11791,0.15867922
EID_22913,0.16543332
EID_15587,0.18013644
EID_4851,0.21651635
EID_3432,0.14691538
EID_13090,0.17104453
EID_15117,0.19740611
EID_22004,0.16353458
EID_16053,0.17081359
EID_16458,0.14961159
EID_8021,0.15986323
EID_24385,0.1952531
EID_7053,0.18005857
EID_13544,0.17392504
EID_9014,0.19041437
EID_9246,0.20124951
EID_15642,0.14782023
EID_12295,0.14564097
EID_7925,0.2617764
EID_18473,0.20584539
EID_19427,0.17185158
EID_17027,0.16175804
EID_22093,0.19060227
EID_25611,0.1774958
EID_20490,0.2343747
EID_4204,0.15233734
EID_2604,0.15842944
EID_16152,0.22066244
EID_8563,0.17991585
EID_18620,0.1966725
EID_11012,0.23781127
EID_19598,0.18438265
EID_13159,0.24037388
EID_13171,0.18388805
EID_8374,0.1415649
EID_9838,0.2245597
EID_18489,0.20706469
EID_17451,0.18868923
EID_7269,0.18641657
EID_20548,0.18690312
EID_9466,0.18641162
EID_16085,0.20017138
EID_24082,0.23017702
EID_5078,0.18562046
EID_23951,0.20660776
EID_8327,0.17102513
EID_5904,0.16979277
EID_11085,0.1638937
EID_21437,0.18650413
EID_7471,0.17526752
EID_12046,0.18711
EID_18653,0.19811335
EID_14175,0.19685704
EID_5514,0.2069411
EID_20148,0.2046321
EID_14260,0.2129628
EID_15574,0.18383935
EID_7287,0.18093821
EID_18889,0.19799963
EID_13106,0.17957157
EID_15448,0.15288207
EID_25897,0.19073072
EID_23758,0.18026954
EID_23208,0.1955426
EID_13646,0.2129429
EID_5467,0.20040351
EID_6022,0.16509447
EID_10923,0.14746836
EID_10408,0.1662291
EID_4186,0.17115393
EID_22022,0.17366904
EID_16390,0.17438209
EID_19493,0.15643671
EID_12519,0.18537086
EID_23549,0.19757724
EID_17612,0.20055622
EID_25007,0.17915702
EID_1949,0.18477064
EID_23313,0.17738569
EID_22516,0.21566978
EID_21836,0.18152243
EID_7268,0.14085126
EID_8202,0.19978303
EID_6613,0.19608885
EID_2596,0.17477414
EID_19849,0.17589667
EID_11546,0.1748732
EID_3942,0.16528529
EID_7899,0.19201657
EID_4802,0.17908332
EID_6725,0.17334315
EID_3835,0.12749743
EID_9511,0.1957309
EID_5757,0.1928756
EID_24838,0.19279972
EID_15225,0.16331705
EID_8238,0.17458132
EID_2826,0.18144074
EID_20774,0.12545288
EID_19311,0.122140884
EID_12339,0.16572124
EID_1583,0.18923211
EID_1033,0.19599876
EID_10764,0.19013608
EID_17203,0.22696796
EID_1345,0.19248629
EID_4951,0.1582484
EID_16956,0.20373741
EID_9203,0.22358596
EID_7021,0.16589266
EID_8707,0.18037483
EID_5209,0.18747103
EID_20428,0.16998076
EID_10913,0.20595846
EID_11507,0.16779116
EID_3693,0.19531298
EID_22857,0.1644176
EID_18744,0.1927107
EID_19600,0.21540171
EID_21336,0.21181068
EID_17676,0.18839306
EID_1678,0.17854634
EID_4889,0.19079396
EID_9961,0.15892822
EID_23386,0.18137133
EID_19835,0.1936973
EID_9519,0.20457798
EID_5449,0.16801861
EID_20640,0.1568667
EID_16387,0.17361113
EID_20293,0.1330652
EID_2296,0.18120989
EID_11827,0.17758381
EID_21522,0.16919205
EID_2767,0.16908625
EID_2873,0.18930611
EID_2603,0.16082531
EID_2674,0.16710714
EID_23682,0.16849169
EID_13310,0.17185533
EID_6523,0.18211147
EID_13056,0.17530182
EID_7244,0.16169778
EID_1072,0.1688667
EID_25833,0.19315234
EID_11244,0.221668
EID_22918,0.13645688
EID_16735,0.20714086
EID_4201,0.17809346
EID_5998,0.21276492
EID_19254,0.14572522
EID_16653,0.1860086
EID_11729,0.21840554
EID_19573,0.19093469
EID_21463,0.20832756
EID_5899,0.17855147
EID_23613,0.18915427
EID_8609,0.17528948
EID_2660,0.15897182
EID_1333,0.15309045
EID_3212,0.1487666
EID_7830,0.17181665
EID_4372,0.21284863
EID_15955,0.16603693
EID_22059,0.16332692
EID_22804,0.1918945
EID_4700,0.15885288
EID_14401,0.21008024
EID_19971,0.15816894
EID_10684,0.16620257
EID_21512,0.14474994
EID_16722,0.16966107
EID_16012,0.1432279
EID_19093,0.17882279
EID_25636,0.19480473
EID_10567,0.1704753
EID_11601,0.19836745
EID_25697,0.15142342
EID_22131,0.16040826
EID_8511,0.12879565
EID_18114,0.21420851
EID_12784,0.19970071
EID_12820,0.17562163
EID_4512,0.13272136
EID_5837,0.17173576
EID_12564,0.19719511
EID_16737,0.20212081
EID_25986,0.17626485
EID_8729,0.16614553
EID_4386,0.19185269
EID_5223,0.18496135
EID_1494,0.15072009
EID_22699,0.18695521
EID_1083,0.19466618
EID_1329,0.14508748
EID_3550,0.17532626
EID_18845,0.16761777
EID_17946,0.12122217
EID_1712,0.19714707
EID_12024,0.16575623
EID_2974,0.18139246
EID_12806,0.17638287
EID_10396,0.17212707
EID_3998,0.1393269
EID_22451,0.13133022
EID_12242,0.18280065
EID_18599,0.17733237
EID_9423,0.14470804
EID_25347,0.16079363
EID_20183,0.16912928
EID_18079,0.20236781
EID_10059,0.17727575
EID_1322,0.20486197
EID_18109,0.13649887
EID_7325,0.18015152
EID_6000,0.20883611
EID_10760,0.16697472
EID_24380,0.19032806
EID_7070,0.17402795
EID_2796,0.19203514
EID_18860,0.16296855
EID_13597,0.14444163
EID_6858,0.16697514
EID_14987,0.2132794
EID_8902,0.17695135
EID_9453,0.18940252
EID_20605,0.18651035
EID_16020,0.13735801
EID_6335,0.19102108
EID_1317,0.1725243
EID_5575,0.18420088
EID_17433,0.20199868
EID_6238,0.12422049
EID_10734,0.14996675
EID_7661,0.20275843
EID_9281,0.1262584
EID_19259,0.18838954
EID_9544,0.15893969
EID_2572,0.17005932
EID_12706,0.16647425
EID_20500,0.18351224
EID_19258,0.17560822
EID_15915,0.21726474
EID_25265,0.2038447
EID_16567,0.21028456
EID_19553,0.19995382
EID_25403,0.21407253
EID_10354,0.15151623
EID_19522,0.1494576
EID_20132,0.2323913
EID_3363,0.13913402
EID_15253,0.1399675
EID_8368,0.18701988
EID_3883,0.19035608
EID_7323,0.12730053
EID_16203,0.20010018
EID_9080,0.14198163
EID_12266,0.17618427
EID_13777,0.19439042
EID_24876,0.19405276
EID_11961,0.23203075
EID_25871,0.15528241
EID_3563,0.1693162
EID_3377,0.16459453
EID_19924,0.16025987
EID_4070,0.18637675
EID_7727,0.15295956
EID_2253,0.1807406
EID_5056,0.21080732
EID_16751,0.17092124
EID_2105,0.14215776
EID_14078,0.19181478
EID_18779,0.22935477
EID_2218,0.22417718
EID_6130,0.20251602
EID_21722,0.18216759
EID_17748,0.21159437
EID_21322,0.1949828
EID_6016,0.25276625
EID_20480,0.1944103
EID_18843,0.16327664
EID_7336,0.15256843
EID_4455,0.16878706
EID_15206,0.21431601
EID_15582,0.16374141
EID_22381,0.18123618
EID_22606,0.17679298
EID_12159,0.12801161
EID_10027,0.18255195
EID_4107,0.24482027
EID_18932,0.17812163
EID_1321,0.16284743
EID_7759,0.1273466
EID_21961,0.19049141
EID_15289,0.14779124
EID_23069,0.1858455
EID_17187,0.14244413
EID_25372,0.19010189
EID_9787,0.21849585
EID_9797,0.2097021
EID_10831,0.2143454
EID_24620,0.154966
EID_8715,0.21584022
EID_13459,0.1711421
EID_14031,0.17351621
EID_14541,0.1846036
EID_12395,0.15520439
EID_7150,0.13695747
EID_14422,0.16717806
EID_19060,0.17438978
EID_9338,0.1474171
EID_21042,0.19586343
EID_8011,0.1847592
EID_8102,0.1867955
EID_11068,0.2039572
EID_15461,0.18421727
EID_18509,0.15078762
EID_5796,0.17696649
EID_19905,0.17854539
EID_21609,0.17451242
EID_14873,0.20013055
EID_8033,0.1877175
EID_21354,0.14144573
EID_16377,0.20868719
EID_10566,0.19966576
EID_4791,0.14464661
EID_20944,0.15170977
EID_24913,0.20066765
EID_3868,0.18565485
EID_10611,0.15060884
EID_21702,0.16304666
EID_9472,0.13181129
EID_10746,0.14703065
EID_17717,0.22623539
EID_18535,0.19643223
EID_23706,0.14370331
EID_7039,0.17507836
EID_23797,0.18158656
EID_1574,0.17146057
EID_5931,0.16606188
EID_6468,0.2117528
EID_15805,0.20163217
EID_2988,0.22521722
EID_21966,0.18260351
EID_16571,0.16080952
EID_10082,0.1697442
EID_8359,0.13479885
EID_3200,0.18479839
EID_2206,0.20249581
EID_14234,0.14884448
EID_12498,0.17418581
EID_12009,0.16094062
EID_12486,0.15428725
EID_2679,0.1734395
EID_25329,0.19204354
EID_18268,0.1629835
EID_18253,0.15494433
EID_11915,0.1538091
EID_2503,0.18983242
EID_22110,0.17884621
EID_9344,0.20996001
EID_17568,0.16654593
EID_1445,0.22355056
EID_12971,0.19707128
EID_14129,0.16996673
EID_22888,0.19133976
EID_17510,0.17887247
EID_11722,0.16981643
EID_18542,0.17486063
EID_13158,0.1492241
EID_2810,0.17973748
EID_16559,0.16633841
EID_1124,0.18126151
EID_2137,0.13741729
EID_13145,0.16416174
EID_14181,0.18932039
EID_24695,0.13131809
EID_21367,0.19883993
EID_13213,0.18011639
EID_15852,0.16770175
EID_9531,0.17405224
EID_6197,0.20975167
EID_20012,0.1854172
EID_10381,0.1950843
EID_9136,0.18473396
EID_12063,0.1527726
EID_22318,0.18864101
EID_24047,0.17431423
EID_5834,0.17751515
EID_4763,0.16373733
EID_24096,0.17167935
EID_13825,0.16832191
EID_14326,0.18804973
EID_10111,0.20444053
EID_23362,0.17275885
EID_8682,0.16784337
EID_18727,0.18001437
EID_20725,0.1672951
EID_15976,0.123431265
EID_17626,0.21766925
EID_13302,0.19224223
EID_11333,0.1768148
EID_12305,0.2002891
EID_4987,0.18163213
EID_12132,0.18419424
EID_14163,0.22329149
EID_15666,0.22326943
EID_19257,0.19503209
EID_1591,0.20069274
EID_5610,0.22144178
EID_4835,0.1571916
EID_5060,0.1564855
EID_15897,0.17279544
EID_9771,0.17330566
EID_11486,0.1717883
EID_14583,0.1966278
EID_17832,0.18325138
EID_6876,0.21014556
EID_18560,0.13036272
EID_1091,0.18509221
EID_3837,0.17831022
EID_8508,0.18955478
EID_23640,0.19723612
EID_13280,0.19311923
EID_3352,0.17406541
EID_13404,0.21602938
EID_23565,0.17366862
EID_24526,0.17947367
EID_9254,0.14770699
EID_8916,0.20504075
EID_15227,0.21009049
EID_11672,0.18708625
EID_8926,0.12836874
EID_25125,0.15816692
EID_3170,0.18800011
EID_24612,0.19078699
EID_23932,0.21230495
EID_11554,0.16743052
EID_19854,0.15860754
EID_16362,0.21653762
EID_13195,0.12772456
EID_25559,0.19402203
EID_18526,0.20608258
EID_23226,0.17331058
EID_5873,0.20362261
EID_11286,0.19359082
EID_7573,0.17120594
EID_11669,0.14629096
EID_12639,0.18807667
EID_12309,0.13458309
EID_17566,0.21636978
EID_3644,0.22304031
EID_9921,0.1735059
EID_14703,0.20918041
EID_19366,0.17967838
EID_12449,0.19189131
EID_24591,0.19602615
EID_4698,0.13899556
EID_17657,0.17936644
EID_24446,0.22927055
EID_18528,0.19983298
EID_8868,0.20146668
EID_5820,0.20217228
EID_24215,0.19718522
EID_19176,0.16519076
EID_6578,0.17644194
EID_9672,0.19242433
EID_10702,0.1560792
EID_4741,0.16114485
EID_24067,0.1824815
EID_2416,0.19293058
EID_12089,0.17075405
EID_8392,0.17680648
EID_16766,0.25634378
EID_23137,0.15286481
EID_24704,0.1634486
EID_13184,0.1581307
EID_21642,0.18509942
EID_8050,0.17847139
EID_20432,0.1782144
EID_14456,0.1415821
EID_7769,0.16451138
EID_14077,0.20948124
EID_17805,0.18591812
EID_14927,0.19044581
EID_7995,0.20913455
EID_2297,0.20773217
EID_7960,0.15535781
EID_9481,0.1635307
EID_2781,0.18591425
EID_25571,0.21967185
EID_12462,0.2632054
EID_17761,0.21145678
EID_22310,0.18339345
EID_15161,0.1870445
EID_3361,0.1607408
EID_2166,0.17507932
EID_1515,0.14039588
EID_13787,0.17580396
EID_23496,0.2169435
EID_7820,0.1709933
EID_14433,0.21177328
EID_9405,0.18222156
EID_4195,0.17485169
EID_24190,0.13068509
EID_20400,0.15710315
EID_16111,0.13819325
EID_5502,0.19527754
EID_17381,0.14554754
EID_22435,0.13283527
EID_3060,0.20291331
EID_19197,0.15825146
EID_13311,0.21810052
EID_14282,0.2220107
EID_5849,0.17469555
EID_19845,0.13638118
EID_6965,0.12079924
EID_5048,0.20210034
EID_13766,0.2027021
EID_22269,0.16413069
EID_4363,0.1734907
EID_12215,0.1774542
EID_14479,0.1942282
EID_7348,0.1282022
EID_25664,0.18920934
EID_4940,0.20575589
EID_6877,0.17037651
EID_8337,0.18977043
EID_1775,0.14088109
EID_13938,0.14516827
EID_12735,0.13695186
EID_16138,0.19963238
EID_18586,0.13384104
EID_16650,0.18752944
EID_18259,0.18843919
EID_19144,0.14393598
EID_4483,0.17460045
EID_10929,0.15209249
EID_19882,0.124887586
EID_3779,0.20453745
EID_18678,0.1648781
EID_7168,0.17974684
EID_23279,0.19923949
EID_17008,0.15282059
EID_2795,0.20520124
EID_1833,0.14491746
EID_21026,0.16438779
EID_20322,0.13619652
EID_10026,0.21129444
EID_7742,0.21533662
EID_21792,0.21273401
EID_14341,0.16379029
EID_24634,0.21398401
EID_3379,0.12817717
EID_20627,0.20978355
EID_8572,0.16564915
EID_15104,0.21343523
EID_12426,0.14622957
EID_17588,0.1541478
EID_20961,0.20001927
EID_23260,0.2024903
EID_7213,0.21269011
EID_11851,0.18825427
EID_5696,0.1398004
EID_23011,0.19666725
EID_2035,0.18826729
EID_22461,0.1488598
EID_23215,0.16065565
EID_6913,0.13561359
EID_5739,0.179618
EID_19814,0.1741682
EID_20320,0.15327653
EID_2043,0.16473532
EID_21992,0.19966698
EID_9324,0.15140787
EID_3863,0.17979231
EID_7513,0.2142612
EID_11120,0.1891273
EID_6548,0.19105062
EID_23957,0.14540717
EID_11408,0.16246873
EID_24638,0.16789165
EID_3908,0.17109495
EID_17023,0.17222217
EID_10902,0.17956597
EID_3543,0.16764069
EID_3633,0.1576508
EID_3394,0.15549734
EID_8619,0.17230374
EID_13424,0.19674116
EID_15405,0.18237656
EID_21727,0.18199515
EID_18916,0.17876571
EID_3335,0.21599522
EID_2811,0.18423837
EID_8620,0.16951519
EID_3249,0.15663818
EID_22140,0.14862603
EID_18934,0.1765301
EID_24271,0.17695448
EID_2164,0.1653437
EID_22961,0.17233625
EID_25318,0.14718139
EID_23064,0.21035463
EID_1056,0.12060571
EID_4389,0.15886855
EID_6949,0.17828673
EID_16133,0.16909602
EID_8023,0.14796275
EID_19426,0.18699992
EID_12895,0.16422254
EID_17667,0.17934906
EID_14826,0.20520839
EID_8807,0.15791094
EID_13977,0.14436325
EID_11167,0.12569788
EID_22535,0.13750038
EID_5357,0.19854751
EID_1450,0.21439493
EID_24647,0.18306401
EID_1516,0.17798129
EID_10122,0.14108786
EID_2423,0.16356307
EID_4276,0.18554354
EID_10610,0.12966171
EID_5840,0.17624772
EID_19117,0.19862437
EID_1753,0.1528933
EID_11679,0.20459813
EID_12425,0.19098803
EID_21118,0.16519886
EID_1348,0.18359846
EID_3143,0.11946839
EID_12153,0.2150512
EID_22834,0.1735096
EID_14978,0.1855475
EID_23361,0.20859534
EID_5207,0.14815003
EID_8395,0.15390572
EID_2440,0.22195014
EID_14196,0.20826519
EID_16684,0.18239912
EID_22520,0.15729246
EID_14689,0.1388888
EID_22890,0.1799972
EID_18695,0.1370031
EID_1275,0.1332426
EID_6033,0.1978558
EID_25616,0.14711007
EID_6190,0.14052093
EID_2964,0.19884944
EID_24869,0.18899241
EID_3319,0.15441242
EID_15857,0.22010824
EID_4615,0.17921266
EID_23926,0.18296123
EID_15506,0.13126025
EID_4168,0.16229507
EID_23593,0.17625743
EID_3108,0.18080059
EID_22846,0.26201314
EID_12618,0.19248164
EID_20341,0.21264118
EID_15441,0.19615158
EID_20278,0.15459013
EID_19511,0.1549643
EID_7832,0.16227993
EID_7775,0.16760832
EID_9409,0.13268659
EID_11483,0.21451026
EID_6657,0.2026836
EID_10338,0.20675942
EID_7683,0.1814672
EID_11854,0.16779718
EID_17102,0.20591381
EID_9882,0.1940999
EID_19326,0.16286787
EID_1670,0.17652664
EID_17455,0.22642434
EID_24867,0.1890653
EID_22972,0.15672466
EID_4679,0.19318455
EID_7172,0.24503899
EID_7401,0.20763707
EID_13199,0.20750085
EID_12244,0.1406132
EID_12771,0.20438334
EID_7230,0.17656651
EID_19736,0.25587767
EID_2755,0.14171442
EID_19126,0.15355584
EID_20949,0.1707544
EID_4573,0.18620667
EID_23671,0.18436942
EID_11580,0.14852998
EID_15600,0.2046619
EID_17577,0.19585735
EID_6773,0.17031679
EID_9565,0.1564017
EID_13401,0.15933111
EID_17438,0.19170079
EID_7604,0.17749012
EID_1215,0.12853968
EID_24765,0.22988513
EID_2084,0.18459523
EID_17898,0.16769701
EID_9752,0.14104971
EID_19867,0.16115552
EID_5430,0.18768239
EID_22617,0.16105726
EID_23590,0.15657482
EID_11131,0.18793616
EID_1623,0.13678855
EID_25390,0.15478519
EID_23316,0.212439
EID_11595,0.19461557
EID_10827,0.24872503
EID_14787,0.17481545
EID_18290,0.14327183
EID_17889,0.17389065
EID_7936,0.19103712
EID_12044,0.18936273
EID_8205,0.124947935
EID_22950,0.2112022
EID_4965,0.17988029
EID_24073,0.1766766
EID_4946,0.18170753
EID_14618,0.11938539
EID_17692,0.15925199
EID_23220,0.18131602
EID_24364,0.17369857
EID_20216,0.17946556
EID_24865,0.1700939
EID_11009,0.16536573
EID_6889,0.1664508
EID_10375,0.16625005
EID_11917,0.19738132
EID_25323,0.16005269
EID_21841,0.17336053
EID_25278,0.15966922
EID_17857,0.18732747
EID_2991,0.21358955
EID_23822,0.15939847
EID_12098,0.21644473
EID_14665,0.13552159
EID_25373,0.18681228
EID_22143,0.17110345
EID_4000,0.18980768
EID_2951,0.18090245
EID_8610,0.20073304
EID_6998,0.15294474
EID_21972,0.1811549
EID_3582,0.15385154
EID_18220,0.20159489
EID_12381,0.145989
EID_15689,0.12745753
EID_12239,0.19119129
EID_3987,0.17001489
EID_20164,0.18674648
EID_1654,0.15512985
EID_25583,0.23546836
EID_22736,0.18646687
EID_22169,0.1713644
EID_9495,0.17612311
EID_2465,0.15482157
EID_1659,0.22009858
EID_4509,0.16995749
EID_15264,0.2194578
EID_9494,0.1855841
EID_23657,0.20141268
EID_10376,0.19114259
EID_25277,0.15589455
EID_15121,0.13701868
EID_14760,0.18534297
EID_9160,0.20155469
EID_18574,0.18734059
EID_2977,0.21473011
EID_4745,0.21846205
EID_6762,0.18831608
EID_2682,0.18146268
EID_19172,0.26667142
EID_1013,0.20017359
EID_1242,0.17982563
EID_10336,0.16654187
EID_11247,0.16092542
EID_4631,0.14440012
EID_21660,0.16302738
EID_6752,0.20443314
EID_14409,0.183757
EID_21720,0.18788508
EID_14495,0.2064012
EID_15348,0.14718208
EID_9610,0.15541789
EID_10629,0.17721507
EID_10182,0.2237601
EID_10598,0.17940602
EID_11065,0.20924607
EID_16129,0.12232736
EID_15572,0.16616023
EID_21059,0.14795089
EID_7812,0.22701484
EID_15162,0.1500924
EID_6911,0.23162171
EID_17591,0.14814708
EID_22638,0.19270706
EID_3217,0.14596504
EID_10116,0.1693142
EID_23199,0.16030273
EID_18844,0.18262738
EID_19931,0.17312035
EID_22215,0.20142287
EID_14623,0.18715781
EID_7884,0.14903447
EID_3197,0.14977702
EID_11291,0.23297241
EID_3320,0.17704684
EID_12585,0.16384321
EID_13592,0.1377972
EID_11264,0.17288205
EID_6997,0.20315847
EID_2327,0.1737059
EID_9340,0.16803348
EID_14544,0.1999222
EID_13055,0.16355589
EID_14014,0.18280748
EID_7429,0.14435086
EID_19008,0.1764071
EID_14283,0.20146105
EID_10882,0.14814755
EID_5194,0.19572431
EID_23844,0.20738676
EID_22628,0.16378358
EID_10033,0.20516998
EID_13281,0.17130142
EID_23871,0.18559805
EID_3621,0.18683985
EID_12968,0.18021256
EID_5819,0.14894989
EID_6694,0.16302961
EID_17656,0.17752638
EID_8888,0.13674098
EID_14552,0.20776513
EID_15342,0.20710343
EID_7728,0.17242342
EID_10331,0.19325325
EID_5479,0.21299511
EID_25526,0.19843173
EID_12348,0.18936896
EID_6196,0.17945215
EID_3619,0.15888923
EID_11280,0.18175948
EID_18119,0.17802703
EID_18058,0.22643611
EID_20911,0.16258377
EID_19840,0.13853669
EID_11808,0.18077907
EID_16265,0.14897928
EID_25976,0.10926589
EID_3872,0.19696033
EID_23029,0.109597236
EID_11745,0.1974208
EID_9556,0.15202251
EID_19748,0.19776925
EID_23253,0.18156087
EID_16237,0.20681334
EID_11694,0.14012241
EID_12824,0.161257
EID_12797,0.14584169
EID_3524,0.18156871
EID_10559,0.1602591
EID_22844,0.18267038
EID_22281,0.18706647
EID_9535,0.13632071
EID_1642,0.16423285
EID_17630,0.16451776
EID_15083,0.15395644
EID_2690,0.15996513
EID_12199,0.18019876
EID_3449,0.20659697
EID_12097,0.15640295
EID_23272,0.16376802
EID_6890,0.20650154
EID_2438,0.22227061
EID_6508,0.1477535
EID_10772,0.18495122
EID_6076,0.1461271
EID_3045,0.18377042
EID_24779,0.15592456
EID_12553,0.13743892
EID_24984,0.14283612
EID_17157,0.16053522
EID_11823,0.22127107
EID_4765,0.16375983
EID_16143,0.1730634
EID_19658,0.2086882
EID_12035,0.17955118
EID_3481,0.17401835
EID_12776,0.2346937
EID_21160,0.18184465
EID_11127,0.19169044
EID_11784,0.17176318
EID_17458,0.18513694
EID_15653,0.14780736
EID_25399,0.16924798
EID_8799,0.17901236
EID_14529,0.15257746
EID_19407,0.1873807
EID_8224,0.22033656
EID_21582,0.19570673
EID_14807,0.183005
EID_17338,0.15744582
EID_10635,0.13329166
EID_16300,0.17245778
EID_5155,0.16489232
EID_11136,0.18812773
EID_7716,0.19009894
EID_13041,0.18546626
EID_1572,0.18092936
EID_2382,0.15028828
EID_4568,0.25665468
EID_25153,0.17669165
EID_20523,0.16184583
EID_2332,0.22489151
EID_6143,0.16274896
EID_19549,0.18382749
EID_24568,0.20127425
EID_23211,0.16233099
EID_2342,0.15753031
EID_2922,0.15573391
EID_6026,0.18578097
EID_10107,0.14785975
EID_14855,0.19290638
EID_18780,0.17625946
EID_10578,0.21889606
EID_3842,0.21993089
EID_10225,0.1636087
EID_15275,0.23692435
EID_10740,0.1657179
EID_9483,0.122035086
EID_11262,0.21544784
EID_24388,0.19102061
EID_19271,0.17051685
EID_15363,0.19779605
EID_16555,0.22372147
EID_7387,0.21559423
EID_2692,0.13986942
EID_19754,0.178898
EID_10859,0.14664271
EID_16618,0.21964857
EID_1697,0.16844168
EID_3764,0.16806602
EID_4502,0.18338564
EID_19240,0.20556143
EID_22590,0.18270275
EID_14056,0.19166529
EID_20697,0.13444498
EID_2505,0.19868782
EID_23288,0.18792343
EID_23373,0.14389953
EID_18878,0.14303973
EID_11857,0.16307846
EID_25945,0.17453817
EID_18242,0.19381595
EID_22823,0.15993002
EID_5625,0.14337468
EID_6702,0.23045346
EID_24252,0.14949071
EID_12704,0.18803182
EID_1770,0.16015169
EID_10159,0.18287244
EID_3702,0.16145667
EID_2688,0.18911064
EID_19784,0.15093711
EID_3636,0.17077738
EID_14537,0.15375584
EID_4878,0.18225491
EID_10260,0.17868549
EID_5154,0.18760574
EID_21206,0.15902
EID_15511,0.16697964
EID_8010,0.19279078
EID_6249,0.20135245
EID_7392,0.11561394
EID_18362,0.15960097
EID_14147,0.1724272
EID_24826,0.13585499
EID_10862,0.21042946
EID_3088,0.18848538
EID_2871,0.16514266
EID_22681,0.16935983
EID_3720,0.177589
EID_21540,0.19487101
EID_3516,0.19715437
EID_10969,0.22004494
EID_11396,0.21848333
EID_11407,0.18899632
EID_19264,0.18059641
EID_12406,0.18134755
EID_19440,0.17303672
EID_22729,0.19351137
EID_21143,0.21347547
EID_19936,0.17124769
EID_13997,0.1407068
EID_15533,0.18444133
EID_22065,0.21153235
EID_6600,0.18568999
EID_15316,0.20767361
EID_10721,0.18639669
EID_20630,0.16956899
EID_17720,0.15787795
EID_7692,0.22975576
EID_25004,0.11967006
EID_1804,0.19581145
EID_25207,0.19174775
EID_7638,0.2060239
EID_8179,0.17201048
EID_23406,0.20017815
EID_19285,0.19815186
EID_15333,0.18772444
EID_9685,0.17365322
EID_15725,0.14921176
EID_8302,0.22213244
EID_10726,0.21193087
EID_6168,0.19251451
EID_16711,0.17433196
EID_24881,0.15352172
EID_15281,0.12880161
EID_17428,0.18547973
EID_2814,0.14764017
EID_8717,0.16732112
EID_4395,0.14028144
EID_22871,0.16882893
EID_22152,0.1761851
EID_23649,0.15800726
EID_24748,0.18163577
EID_25426,0.15471694
EID_13986,0.14504027
EID_19704,0.18016249
EID_15554,0.1705249
EID_23100,0.15938297
EID_25408,0.18490136
EID_15870,0.19586867
EID_4048,0.22742486
EID_12712,0.17336404
EID_1937,0.16334164
EID_14246,0.18226433
EID_2569,0.20344391
EID_6228,0.2006228
EID_21309,0.20750141
EID_16971,0.18678999
EID_25273,0.16745538
EID_8968,0.11595902
EID_21475,0.13731432
EID_1982,0.19440672
EID_23627,0.15370974
EID_14209,0.12389061
EID_22365,0.17092684
EID_21031,0.1442168
EID_16883,0.21757063
EID_15734,0.15652809
EID_20840,0.16344091
EID_20792,0.1490807
EID_2652,0.16402242
EID_3079,0.15447405
EID_1425,0.25453424
EID_17271,0.1366272
EID_22724,0.16355306
EID_23964,0.21162674
EID_9333,0.14800006
EID_12374,0.183058
EID_25107,0.1773848
EID_22869,0.16695035
EID_18753,0.17817023
EID_16805,0.1270515
EID_19994,0.16823304
EID_3004,0.14263299
EID_12616,0.19064328
EID_6090,0.20963022
EID_3303,0.15839553
EID_9435,0.18490437
EID_1838,0.13063502
EID_15681,0.17624438
EID_17496,0.1627799
EID_8456,0.1790146
EID_23174,0.15519315
EID_8285,0.18580621
EID_6547,0.12965119
EID_23648,0.16561559
EID_7958,0.22511429
EID_19299,0.19875243
EID_8699,0.18189034
EID_14528,0.21924195
EID_23167,0.16701573
EID_25289,0.18979642
EID_12802,0.16206908
EID_15986,0.2100485
EID_3609,0.14748722
EID_2045,0.17715946
EID_1788,0.223782
EID_22630,0.19297144
EID_10542,0.18506342
EID_13101,0.17165577
EID_5159,0.14716458
EID_18490,0.2078439
EID_25693,0.11626455
EID_20514,0.12583461
EID_3713,0.2004461
EID_11193,0.20532274
EID_6052,0.12753391
EID_6986,0.24066436
EID_9104,0.14328155
EID_23058,0.17106667
EID_3156,0.18585098
EID_17660,0.1570965
EID_17514,0.19413435
EID_15370,0.16838941
EID_12207,0.18234003
EID_7351,0.18110839
EID_24727,0.21991539
EID_6356,0.18820044
EID_15421,0.13255063
EID_11772,0.18125182
EID_14071,0.20139733
EID_16359,0.16607192
EID_16919,0.15040794
EID_21496,0.16193786
EID_10564,0.16913694
EID_3773,0.17356497
EID_9484,0.21034306
EID_13601,0.14121687
EID_13843,0.15158421
EID_8774,0.13615376
EID_7542,0.16572133
EID_3388,0.19186458
EID_17949,0.1279369
EID_1815,0.1527206
EID_10479,0.17139187
EID_10722,0.21492699
EID_3427,0.18205297
EID_18205,0.17546844
EID_21650,0.20313999
EID_23124,0.17563137
EID_4294,0.19266406
EID_13366,0.14825818
EID_13957,0.19382489
EID_3578,0.16538998
EID_24105,0.15842444
EID_13186,0.16139606
EID_24214,0.20075664
EID_17251,0.21793649
EID_23225,0.15963557
EID_2152,0.17218548
EID_10625,0.22560644
EID_2044,0.16656855
EID_7201,0.20613444
EID_2405,0.1838319
EID_22716,0.1508213
EID_22728,0.20946115
EID_21251,0.13252994
EID_6915,0.1938749
EID_14744,0.14716998
EID_15814,0.17204013
EID_6659,0.16690305
EID_10991,0.15355545
EID_6500,0.18119448
EID_19121,0.19646704
EID_6278,0.2125811
EID_13236,0.13045666
EID_5382,0.14225131
EID_6871,0.17991325
EID_5012,0.16117856
EID_1268,0.21109682
EID_6588,0.16773096
EID_22163,0.16876635
EID_11121,0.20273563
EID_22615,0.16434038
EID_7838,0.14638186
EID_3344,0.12949508
EID_25292,0.18104133
EID_10730,0.16838282
EID_10317,0.18812922
EID_13443,0.18228596
EID_10988,0.17053288
EID_23091,0.20016441
EID_1839,0.23005298
EID_13892,0.13936791
EID_1496,0.19262666
EID_15045,0.17392665
EID_3744,0.16676858
EID_13010,0.20231807
EID_9716,0.23208088
EID_2993,0.1597524
EID_23435,0.20768946
EID_8587,0.17787713
EID_22132,0.18017209
EID_21413,0.13345414
EID_11881,0.212733
EID_19850,0.2252503
EID_18460,0.20206833
EID_17983,0.14509726
EID_14888,0.2009826
EID_14002,0.17293334
EID_13524,0.12896287
EID_4049,0.17834044
EID_6535,0.15319237
EID_10557,0.14259022
EID_1313,0.16413498
EID_12424,0.18385547
EID_8210,0.13568074
EID_22378,0.18806317
EID_19644,0.16344368
EID_8790,0.16710639
EID_5778,0.1386056
EID_23887,0.18998593
EID_16103,0.1792903
EID_20604,0.1839217
EID_17378,0.16285124
EID_5566,0.19250941
EID_24264,0.1878466
EID_7814,0.20297381
EID_1968,0.17486995
EID_10282,0.13886642
EID_13648,0.19070718
EID_22376,0.17016634
EID_3690,0.15826091
EID_17871,0.18813491
EID_19167,0.17566237
EID_5366,0.21724904
EID_16996,0.16766995
EID_1953,0.174894
EID_8760,0.14502239
EID_20448,0.1914508
EID_15787,0.13958791
EID_18982,0.206482
EID_4388,0.21109587
EID_22325,0.20095843
EID_10189,0.14569703
EID_21162,0.18826684
EID_1032,0.19554561
EID_12045,0.17876923
EID_18324,0.1626142
EID_15085,0.15038565
EID_21927,0.17005393
EID_13325,0.17890564
EID_17801,0.15695071
EID_7678,0.19487649
EID_17469,0.12352535
EID_14318,0.1648488
EID_16439,0.16310742
EID_2307,0.1633851
EID_20011,0.17143741
EID_19381,0.16947168
EID_14043,0.2004591
EID_14774,0.14521834
EID_22982,0.18355736
EID_19092,0.16863048
EID_13137,0.13458803
EID_5738,0.22049516
EID_19661,0.15078422
EID_22570,0.12919134
EID_16393,0.19639462
EID_4256,0.16910622
EID_17873,0.20697522
EID_13832,0.14237389
EID_17617,0.18582022
EID_3106,0.14877903
EID_6567,0.1338672
EID_4727,0.19342417
EID_14518,0.15353253
EID_1070,0.19382948
EID_19385,0.2146729
EID_20032,0.19328308
EID_11714,0.17741802
EID_23636,0.17750052
EID_1985,0.19133767
EID_5627,0.18303365
EID_15171,0.12065047
EID_8811,0.14269105
EID_2163,0.18070593
EID_8459,0.12391019
EID_18138,0.15457052
EID_17518,0.17609379
EID_17432,0.17564532
EID_25686,0.16837952
EID_2470,0.21742117
EID_16311,0.19022465
EID_6903,0.17996916
EID_11990,0.1439738
EID_23460,0.1966939
EID_25924,0.15917769
EID_13985,0.18139881
EID_5455,0.14129767
EID_13427,0.19944185
EID_24855,0.19659
EID_15532,0.2179473
EID_8953,0.17672387
EID_22683,0.18301034
EID_22493,0.16248229
EID_1451,0.16802236
EID_20796,0.1707443
EID_17281,0.1574485
EID_7767,0.18220705
EID_20838,0.1934003
EID_17235,0.16211885
EID_21615,0.16568848
EID_6972,0.20062336
EID_13930,0.2402356
EID_4188,0.18375814
EID_11277,0.134585
EID_18053,0.17040074
EID_11288,0.1903125
EID_1148,0.16553667
EID_19216,0.15843824
EID_7660,0.15374106
EID_22805,0.18383968
EID_11931,0.16696358
EID_16921,0.20747513
EID_4993,0.16873974
EID_18070,0.20274287
EID_15648,0.16630796
EID_11404,0.1708292
EID_14248,0.18672088
EID_15424,0.22544053
EID_8039,0.18692467
EID_7094,0.11254221
EID_13161,0.20687059
EID_9293,0.12837562
EID_4351,0.18137309
EID_17259,0.13054001
EID_2681,0.21984833
EID_22123,0.21277207
EID_8528,0.16489929
EID_11798,0.17572784
EID_20265,0.17761394
EID_21396,0.13388896
EID_12220,0.17018285
EID_25722,0.260353
EID_21719,0.1386373
EID_3506,0.15699792
EID_2139,0.16379568
EID_6562,0.21516019
EID_4353,0.17518198
EID_24392,0.19358462
EID_11238,0.13446778
EID_20617,0.15805727
EID_21473,0.1935623
EID_16837,0.1527578
EID_1800,0.19314411
EID_25849,0.20859629
EID_9395,0.22520325
EID_2415,0.19318491
EID_9286,0.15398842
EID_5081,0.21492842
EID_22546,0.15421519
EID_11932,0.1966807
EID_16292,0.19653809
EID_17882,0.17936239
EID_20889,0.20103064
EID_10031,0.12032026
EID_21576,0.14115539
EID_8256,0.21275568
EID_2614,0.16950327
EID_2098,0.1671527
EID_10242,0.16270855
EID_21993,0.19123283
EID_22664,0.15526912
EID_1919,0.15218014
EID_11629,0.19545409
EID_6840,0.20050362
EID_25493,0.20370254
EID_14968,0.16596091
EID_25313,0.15544489
EID_8035,0.16343257
EID_8969,0.15834484
EID_15223,0.21193174
EID_6266,0.142966
EID_8184,0.18293205
EID_19480,0.1624319
EID_19076,0.12355137
EID_16339,0.1762977
EID_7963,0.20585111
EID_17427,0.12191713
EID_12641,0.18628809
EID_4122,0.18259767
EID_23659,0.17958093
EID_13486,0.16639233
EID_18423,0.22411528
EID_2181,0.178595
EID_25490,0.16367546
EID_9211,0.18717277
EID_5237,0.21871462
EID_2418,0.18991631
EID_17716,0.2383464
EID_13837,0.17361835
EID_2840,0.124450535
EID_13004,0.22247452
EID_14429,0.1368247
EID_18915,0.23186123
EID_22415,0.19261488
EID_4304,0.23125127
EID_10753,0.18669209
EID_22612,0.20218864
EID_1857,0.12559056
EID_3566,0.17452228
EID_8545,0.19101802
EID_21685,0.19000682
EID_9946,0.18304372
EID_20447,0.18369502
EID_3887,0.17042032
EID_8351,0.14514074
EID_23889,0.24369138
EID_8248,0.16558665
EID_16621,0.22236767
EID_25138,0.19236943
EID_10004,0.19481835
EID_5522,0.174721
EID_23416,0.18857753
EID_14897,0.15653017
EID_10840,0.17512059
EID_21716,0.14642528
EID_18484,0.2152746
EID_7402,0.1592614
EID_24854,0.19722289
EID_1610,0.1829943
EID_17592,0.15550888
EID_22128,0.16718802
EID_17304,0.14751908
EID_1508,0.14969054
EID_20492,0.18630135
EID_2324,0.16305909
EID_17093,0.19146377
EID_23356,0.19929868
EID_17895,0.22175533
EID_8186,0.19045341
EID_19358,0.15552387
EID_6030,0.19829935
EID_17457,0.16303748
EID_14976,0.19761729
EID_8914,0.15125722
EID_5721,0.17800298
EID_11266,0.16266203
EID_17012,0.17428488
EID_7554,0.16004694
EID_3087,0.19016856
EID_19716,0.14452234
EID_21723,0.21901393
EID_13072,0.15214509
EID_9776,0.17497382
EID_25927,0.25741872
EID_5593,0.15878722
EID_13954,0.13669449
EID_16034,0.15133631
EID_1719,0.19743505
EID_23054,0.2028465
EID_15591,0.14743933
EID_5178,0.13035396
EID_24346,0.19785804
EID_21264,0.13093662
EID_3292,0.17244327
EID_14975,0.12128529
EID_9165,0.1737481
EID_23369,0.16437888
EID_18767,0.13699824
EID_10153,0.18103817
EID_2542,0.16162324
EID_23826,0.15319997
EID_20391,0.20598754
EID_8633,0.16145933
EID_5875,0.16258252
EID_12699,0.16987768
EID_12982,0.17150342
EID_16392,0.18709987
EID_8185,0.20344311
EID_15462,0.14892095
EID_4853,0.2006846
EID_17622,0.1518898
EID_23074,0.19877508
EID_6390,0.20495173
EID_24539,0.16125742
EID_12963,0.20215955
EID_8649,0.15195611
EID_11810,0.18873444
EID_3598,0.14236766
EID_13511,0.16454431
EID_16014,0.15296692
EID_24791,0.15154865
EID_3417,0.17252246
EID_24668,0.16776451
EID_4508,0.17894378
EID_25150,0.1922391
EID_25934,0.18368125
EID_6308,0.18000111
EID_10508,0.14838976
EID_18724,0.19696078
EID_10536,0.1705805
EID_18738,0.17263258
EID_15949,0.1654411
EID_20722,0.1908234
EID_14963,0.15688261
EID_6682,0.16622132
EID_8365,0.1811308
EID_17999,0.16750044
EID_24499,0.16331497
EID_20389,0.20995718
EID_12123,0.2211155
EID_19203,0.18358642
EID_3538,0.18687591
EID_19811,0.1605056
EID_11473,0.18289235
EID_3032,0.18416771
EID_8419,0.18868649
EID_9052,0.117016375
EID_15837,0.1946859
EID_6644,0.1915808
EID_16894,0.20234802
EID_10552,0.18840942
EID_14750,0.20583552
EID_16659,0.15255186
EID_4472,0.20667735
EID_4076,0.19536337
EID_5163,0.1367485
EID_25923,0.15306452
EID_24806,0.18124074
EID_3742,0.17247191
EID_19722,0.19300675
EID_18033,0.18304664
EID_16718,0.18742108
EID_13182,0.15035734
EID_23021,0.22148037
EID_20329,0.2019085
EID_8770,0.14293659
EID_11234,0.19724
EID_18881,0.16587979
EID_1365,0.23403081
EID_19318,0.18172267
EID_19343,0.1551382
EID_4435,0.21459156
EID_22102,0.180008
EID_24095,0.18053165
EID_9897,0.24082327
EID_21635,0.18640327
EID_16514,0.19779336
EID_1997,0.16881186
EID_10324,0.15188122
EID_6487,0.19420919
EID_21197,0.18991688
EID_19082,0.18684846
EID_17562,0.19397226
EID_8738,0.19211242
EID_13687,0.20507917
EID_19572,0.15771493
EID_24909,0.16543639
EID_21814,0.16697267
EID_12083,0.19473106
EID_25919,0.13199672
EID_19140,0.16521397
EID_23924,0.19586414
EID_1208,0.20616972
EID_18170,0.1860826
EID_18699,0.20788154
EID_1318,0.22397056
EID_14941,0.18651861
EID_6540,0.19742304
EID_20936,0.17808592
EID_9705,0.20640051
EID_24181,0.20195514
EID_22138,0.2029016
EID_23044,0.192725
EID_9038,0.16834876
EID_3247,0.23272648
EID_19630,0.17570034
EID_8655,0.21276513
EID_10423,0.18742797
EID_3946,0.15673417
EID_16512,0.15892464
EID_12473,0.16135171
EID_11571,0.2026897
EID_14381,0.18984729
EID_12675,0.23808873
EID_1930,0.13831598
EID_20155,0.18148893
EID_22902,0.1766603
EID_24145,0.2011174
EID_5342,0.16628823
EID_8334,0.16924033
EID_25708,0.18524063
EID_19991,0.1559645
EID_5499,0.2113643
EID_5953,0.19428566
EID_7444,0.14615446
EID_6218,0.20507336
EID_12891,0.15933546
EID_16456,0.16383895
EID_20256,0.1831361
EID_9959,0.2060214
EID_8845,0.17190334
EID_1662,0.14765894
EID_8739,0.1618014
EID_20695,0.16479424
EID_19446,0.18885463
EID_12441,0.18731123
EID_13066,0.20584092
EID_8911,0.17009655
EID_22200,0.16381907
EID_9689,0.14517385
EID_1668,0.16235024
EID_8120,0.18454635
EID_22777,0.15665346
EID_19141,0.19620061
EID_22674,0.21959543
EID_16121,0.20951158
EID_14662,0.16963795
EID_23290,0.20240161
EID_20144,0.15801215
EID_23052,0.198398
EID_25575,0.16818428
EID_23724,0.1732524
EID_14759,0.17787492
EID_25209,0.18217152
EID_17753,0.14099786
EID_4693,0.16663742
EID_17284,0.17526093
EID_9131,0.16682592
EID_24625,0.18703622
EID_24912,0.17306057
EID_19612,0.1729284
EID_9147,0.20589462
EID_6891,0.19044784
EID_10639,0.17195114
EID_5880,0.19397804
EID_22547,0.15382701
EID_10066,0.15924582
EID_7126,0.17690891
EID_4929,0.16045168
EID_24750,0.19128609
